Alpha,Num_Bits,Avg_Time,Trials
0.0,3,2.095350170135498,10
3.0,3,0.6146201610565185,10
