Alpha,Avg_Time,Trials
0.0,23.667445874214174,20
3.0,28.13911736011505,20
